<?xml version="1.0" encoding="UTF-8"?>
<metadata xml:lang="zh"><Esri><CreaDate>20200505</CreaDate><CreaTime>13411400</CreaTime><ArcGISFormat>1.0</ArcGISFormat><SyncOnce>TRUE</SyncOnce><DataProperties><lineage><Process ToolSource="c:\program files (x86)\arcgis\desktop10.5\ArcToolbox\Toolboxes\Conversion Tools.tbx\FeatureClassToFeatureClass" Date="20200505" Time="134114">FeatureClassToFeatureClass GPL0 D:/IIS_WEB/gist.motc.gov.tw/GISTWeb/Content/UploadFiles/B190010171V013/shp B190010171V013 # "StationUID "StationUID" true true false 20 Text 0 0 ,First,#,GPL0,StationUID,-1,-1;StationNam "StationNam" true true false 200 Text 0 0 ,First,#,GPL0,StationNameZh_tw,-1,-1;StationN_1 "StationN_1" true true false 200 Text 0 0 ,First,#,GPL0,StationNameEn,-1,-1;StationAdd "StationAdd" true true false 250 Text 0 0 ,First,#,GPL0,StationAddressZh_tw,-1,-1;StationA_1 "StationA_1" true true false 250 Text 0 0 ,First,#,GPL0,StationAddressEn,-1,-1;Lat "Lat" true true false 8 Double 8 38 ,First,#,GPL0,Lat,-1,-1;Lon "Lon" true true false 8 Double 8 38 ,First,#,GPL0,Lon,-1,-1;UniqueID "UniqueID" true true false 40 Text 0 0 ,First,#,GPL0,UniqueID,-1,-1" #</Process></lineage></DataProperties></Esri></metadata>
